place_name,alternate_names,admin_level_2,admin_level_1,admin_level_0,continent,notes
Acapulco,[],,,Mexico,,
Achain,[],,Ohio,,,Stone River
Achquittehannink,[],,,,,
Achquittehannink River,['also Echquitehanek'],,Ohio,,,
Achsunnissunk,[],,,,,
Adams County,[],Adams County,Ohio,,,mouth of Ohio Brush Creek
Adamstown,[],Lancaster County,Pennsylvania,,,
Africa,[],,,,Africa,
Alackhookamikoae,[],Northampton County,Pennsylvania,,,branch of Wilson's Creek
Albany,['Albanien'],,New York,,,
Algiers,[],,,,,
Allegheny,"['Allegena', 'Allegene']",,,,,also used for Ohio Territory | River and Territory
Allegheny Mountains,[],,Pennsylvania,,,Bedford and Somerset County
Allegheny Ohio River and its territory,"['Allgene', 'Algene']",,,,,
Allegheny River,"['also Allegene', 'Aligena']",,,,,area | Mountains
Allemaengel,[],Lehigh County,Pennsylvania,,,Lynn Township
Allemaengel,[],,,,,
Allen Township,[],Northampton County,Pennsylvania,,,
Allentown,['Allenstown'],,Pennsylvania,,,
Allobank,['Hallobank'],,,,,
Almenisepunk,[],,Ohio,,,Vermilion Creek
Amatschiwomunk,[],,,,,
Amboy,[],,,,,
America,[],,,,,
Amherstburg,[],,Ontario,,,
Anahochquaga,[],,,,,
Anahochquaga modern Ouaguaza,"[""also Ann'hochguage"", 'Anagotware']",Broome County,New York,,,
Anahochquaga on Susquehanna River,"['Anahochquage', 'Annochouaja']",,,,,
Anajot,[],,New York,,,Oneida capit also | Tuscarora County
Ancaster,[],,Ontario,,,
Annapolis,[],,Maryland,,,
Annaquachticok,"['Annachticok', 'Annacticok']",,Connecticut,,,alternate name of Westenhuc
Annenthal probably Mahantango Creek,"[""Anna's Valley""]",Schuylkill County,Pennsylvania,,,
Anohochquage,[],,,,,
Anokran,[],,,,,place between Shekomeko and Wehtak
Antigua,[],,,,,West Indies
Appelisikook,[],,Ohio,,,Walhending area
Armstrong's Town,[],,,,,
Asscennessik,['Assinnissink'],,,,,
Asscennessink,[],,,,,
Assunnunk,[],,,,,
Assunnunk on Hocking River,"['Assenunk', 'Aszennunk', 'Achsunnunk']",,Ohio,,,
Astrachan,[],,,Russia,,
Asylum,[],Bradford County,Pennsylvania,,,
Atlantic Ocean,['Coast'],,,,,
Attike,"['Attique', 'Kittanning', 'Pennsylvania']",,,,,
Au Glaise River,[],,Ohio,,,
Augusta,[],Bracken County,Kentucky,,,
Austria,[],,,Austria,,
Aux Sables River,[],,,,,Sand River | Ontario called Negausibis
Awassantachque,[],,,,,Awossanttaque | Awossantagque
Balings Kill,[],,Pennsylvania,,,probably Carbon County
Baltimore,[],,Maryland,,,
Barbados,[],,,Barbados,,West Indies
Barby,[],,,,,Moravian Center in Germany
Barton,[],,Ontario,,,
Bass Islands,[],,,,,Lake Erie | Middle and South
Bath,[],Steuben County,New York,,,
Batomick,[],,,,,
Bavianskleof,[],,,,,Cape Colony
Bay of Quinte,[],,,,,Lake Ontario
Beard's Tavern,[],,New York,,,New Jersey and Warwick | place between Hope
Beaver,['Beavertown'],,Pennsylvania,,,
Beaver Creek,['Little Beaver River'],,Ohio,,,Little
Beaver Dam,[],,,,,
Beaver River,[],,,,,Great | Creek
Bedford,[],Bedford County,Pennsylvania,,,
Bedford,[],,Massachusetts,,,England
Bedford County,[],Bedford County,Pennsylvania,,,
Beersheba,[],,,,,
Beersheba,[],Tuscarawas County,Ohio,,,near Gnadenhutten
Belldown,[],,Ontario,,,Chenaie ecartee | Scottish settlement
Belle River,[],,,,,Western Ontario
Belmont County,[],Belmont County,Ohio,,,
Benigna Creek,['?'],,,,,Schuylkill County Pennsylvania | Mahantango Creek
Berbice,[],,,,South America,British Guyana
Berks County,['Berkshire'],Berks County,Pennsylvania,,,
Berlin,[],,,Germany,,
Bern,[],,,Switzerland,,
Berthelsdorf,[],,,Germany,,near Herrnhut
Bethabara,[],,North Carolina,,,
Bethanion,[],,North Carolina,,,
Bethel,[],Berks County,Pennsylvania,,,
Bethel on the Swatara,[],Berks County,Pennsylvania,,,
Bethlehem,[],,Pennsylvania,,,Moravian Center
Bethlehem,[],,New Hampshire,,,Palestine
Big Beaver Creek,[],,Pennsylvania,,,
Big Sodus Bay,[],,New York,,,
Big Stillwater Creek,[],Tuscarawas County,Ohio,,,
Big Stones Creek,[],,Ohio,,,presumably Toussaint River
Big Yellow Creek,[],,Ohio,,,
Big-Tree,[],,New York,,,Genesee
Bigbear Creek,[],,Ontario,,,
Black Creek,[],,,,,tribut. of St. Marys River
Black River,['presumably'],,Ohio,,,
Blanched's Forks,[],Hancock County,Ohio,,,
Blue Mountains,[],,Pennsylvania,,,
Blue Mountains,[],Franklin County,Pennsylvania,,,
Boomerstown,[],Guernsey County,Ohio,,,
Boston,[],,Massachusetts,,,
Bound Brook,['Bambrug'],Somerset County,New Jersey,,,
Boundbrook,['Baumbrook'],,New Jersey,,,
Brandt's Town,[],,Ontario,,,Mohawk village near Brantford
Brant's Town,"['probably Brantford', 'Ontario']",,,,,
Brantford,['called Brownstown'],,Ontario,,,Brand's Town | Mohawk Town
Braunschweig,[],,,,,Brunschwig
Breakneck Hill,[],,Pennsylvania,,,Susquehanna Valley
Bremen,[],,,Germany,,
Bristol,[],Bucks County,Pennsylvania,,,
British Dominions,[],,,,,
Broad Mountain,[],,,,,Pocono Plateau
Brodhead near Dansbury,['Broadhead'],Monroe County,Pennsylvania,,,
Brotherton,['Brothertown'],,New York,,,Mohawk River
Brownstown,[],,Michigan,,,mouth of Huron River below Detroit
Buchkabuchka Creek Pohopoco Creek,['also Bugggabuchga'],Carbon County,Pennsylvania,,,
Bucks County,[],Bucks County,Pennsylvania,,,
Buffalo,[],,New York,,,
Buffalo,[],Brooke County,West Virginia,,,Wellsburg | also Charlestown
Buffalo Creek,[],Wyoming County,New York,,,
Buffalo Creek,[],Brooke County,West Virginia,,,
Burlington,[],,Ontario,,,
Burlington,[],,New Jersey,,,
Butler County,['Fort Hamilton'],Butler County,Ohio,,,
Butz Ferry,[],,Pennsylvania,,,probably on Youghiegheny River
Cajihaga,[],,,,,
Caledonia,[],Livingston County,New York,,,
California,[],,California,,,
Cambridge,[],Guernsey County,Ohio,,,
Camden,[],,Ontario,,,
Camp's Mill,"[""Campen's mill""]",,New York,,,
Canaan,[],Litchfield County,Connecticut,,,
Canada,[],,,Canada,,
Canajoharie Montgomery County,['Kannatschochori'],,New York,,,
Canajoharis,"['Connitschochery', 'Conitshaggery']",Montgomery County,New York,,,
Canamek,[],,,,,
Canandagua,[],Ontario County,New York,,,
Canaseraga Creek,[],Livingston County,New York,,,
Canatschochari,[],,,,,
Canegotschik,[],,,,,
Canfield Mahoning County,['Canefield'],,Ohio,,,
Canhawa,[],,,,,
Caniseraga,[],,,,,
Cannitschochery,[],,,,,
Canoos,['Oil Creek'],,New York,,,
Canoos,['Oil Creek'],,Pennsylvania,,,
Canterbury,[],,,,,England
Canton,[],,Ohio,,,
Cape Cod,[],,Massachusetts,,,
Cape of Good Hope,[],,,,,
Captives' Town,[],,Ohio,,,Upper Sandusky
Caribbean Islands,[],,,,,
Carleton Island,[],,,,,Lake Ontario
Carlisle,[],Cumberland County,Pennsylvania,,,
Carolina,[],,,,,Colony
Caskaskung,[],,,,,
Catores' Creek,[],,,,,
Catskill,[],,New York,,,County | Greene
Catskill Mountains,[],,New York,,,
Catters Kill,['Kaders Kill'],Greene County,New York,,,
Cawnschannek,"['Cawunschhannek', 'Cawinschhannek', 'Kawunsohhannek']",,,,,place on Allegheny River
Cawunschannek,[],,,,,
Cayahaga,[],,,,,
Cayuga,['town'],,New York,,,
Cayuga Lake,[],,New York,,,
Cayuga Town,['Kajugu'],,Ontario,,,Grand River
Cedar Point,[],Lucas County,Ohio,,,
Cedar Point,[],Ottawa County,Ohio,,,near Toledo | west side of Lake Erie
Chambers' Ferry,[],,,,,crossing point of the Susquehanna below Harrisburg
Chambers' Mill,[],Dauphin County,Pennsylvania,,,Fishing Creek
Charleston,[],Brooke County,West Virginia,,,Wellsburgs | also Buffalo | Charlestown
Chartiers Creek,[],Allegheny County,Pennsylvania,,,
Checomeco,[],,,,,
Chemung,"['Schammungk', 'Schommunk', 'Shammunk', 'Shommunk', 'Uschummo', 'Uschommung']",,New York,,,town in Chemung County
Chemung River,['Schamung'],,New York,,,
Chenaille ecarte,"['Sneicaorty', 'Sneycardy', 'Schenyacarty']",,,,,correctly Chenal ecarte River and area in Western Ontario
Chenango,[],,,,,
Chenango,"['Sheninga', 'Zeninga', 'Zeninge', 'Zenenge', 'Zeningka']",Chenango County,New York,,,River and Area
Chenango,['Zeninge'],Broome County,New York,,,
Chenessie River,[],,,,,
Cherokee River,[],,,,,
Chester,[],,Pennsylvania,,,near Philadelphia
Chester County,[],Chester County,Pennsylvania,,,
Chestnut Hill,[],,,,,
Chestnut Hill near Gnadenhutten,['Kastanienberg'],Carbon County,Pennsylvania,,,
Chestnut Ridge,[],Westmoreland County,Pennsylvania,,,
Chillicothe,[],,Ohio,,,
Chippawa,['Chippaway'],,Ontario,,,
Chippewa,[],,,,,
Chippewa Creek,[],,Ontario,,,near Niagara
Chippewa Town,[],,Ontario,,,
Chitqueu,[],,Ohio,,,Deep River
Chotusitz,[],,,,,Bohemia
Christian Spring,[],,Pennsylvania,,,
Christiansbrunn,['Christian Spring'],,Pennsylvania,,,place near Nazareth
Christianspring,[],,,,,
Cincinnati,[],,Ohio,,,
Cleveland,['Cleveland'],,Ohio,,,
Clinton River,[],,Michigan,,,
Codorus Creek,['Catores'],York County,Pennsylvania,,,
Cohocten Creek,[],Steuben County,New York,,,
Columbia,[],Hamilton County,Ohio,,,
Coneecachegue [?] Franklin County,['Canjoschikker'],,Pennsylvania,,,
Conestoga,[],Lancaster County,Pennsylvania,,,
Conewago,[],Livingston County,New York,,,Avon
Conewago Hills,[],Dauphin County,Pennsylvania,,,
Conitshaggery,[],,,,,
Connecticut,[],,Connecticut,,,
Connytown,[],Lancaster County,Pennsylvania,,,modern Bainbridge
Conrad Weiser's Creek,['Tulpehocken Creek'],Berks County,Pennsylvania,,,
Copenhagen,[],,,Denmark,,
Corentyn,[],,,Suriname,South America,
Cornelius Creek,[],,,,,tributary to Muskingum River
Cornwall,[],Litchfield County,Connecticut,,,
Coschachkung,[],,,,,Coschachkunk
Coschkoschingk,[],,,,,
Coschosching,[],,,,,Coschkoschunk
Coshocton,[],,,,,former Goschachgunk
Cranberry,"['also Crambarry', 'Cramburry', 'etc.']",,New Jersey,,,
Credit River,[],,Ontario,,,
Croton River,['Groodens Revier'],,,,,
Crown Point,[],Essex County,New York,,,
Cumberland County,[],Cumberland County,Pennsylvania,,,
Cunameg,[],,,,,
Cunningham Island,[],,Ontario,,,probably Pelee Island
Cushietunk,"['Geschiachton', 'Gechachton']",Wayne County,Pennsylvania,,,near Milenville
Cuyahoga,['Cayahaga'],,Ohio,,,River and area
Cuyahoga Old Town,[],,,,,
Cuyahoga River,[],,,,,
Cuyahoga River and place,"['Cajihaga', 'Cayahaga', 'Gajahaga']",,Ohio,,,Akron
Damascus,[],,,,,8 miles from Goschgoschunk | place on Allegheny River
Danbury,['Tenburey'],Fairfield County,Connecticut,,,
Dansburry,[],,,,,
Dansburry,['Danesberg'],Monroe County,Pennsylvania,,,modern Stroudsburg
Dansville,['Danville'],Livingston County,New York,,,
Danzig,[],,,Germany,,
Dartmouth College,[],,,,,
Dartmouth College,[],Hanover,New Hampshire,,,
Dauphin County,['Dauphiny'],Dauphin County,Pennsylvania,,,
Davall Academy,[],,,,,England
DeTrenche,[],,,,,
Deep River,[],,Ohio,,,Chitquou
Deer Creek,[],Pickaway County,Ohio,,,
Delaware River,[],,,,,Water Gap
Delaware River Valley,[],,,,,
Delaware Town,[],,Indiana,,,Upper Sandusky & White River
Delaware Township,[],,Ontario,,,Thames River
Denmark,[],,,Denmark,,
Derby,[],New Haven County,Connecticut,,,
Detroit,[],,Michigan,,,City and Fort
Detroit River,[],,,,,
Detroit River Island,[],,,,,
Deykert's Place,[],,,,,
Diaugu,[],,,,,Diaoju
Dickenson College,[],,Pennsylvania,,,Carlisle
Double Eagle,['Doppeladler'],Schuylkill County,Pennsylvania,,,Klinglerstown
Dover,[],Dutchess County,New York,,,
Dry Ridge,[],,Pennsylvania,,,
Dublin,[],,,Ireland,,
Duncan's Falls,[],Muskingum County,Ohio,,,
Dundas,[],,Ontario,,,
Dungannon,[],,Ontario,,,
Dutchess County,[],Dutchess County,New York,,,
East Indies,[],,,,,
East Jersey,[],,,,,
Easton,[],,Pennsylvania,,,
Echpalawehund's Town,[],,Ohio,,,Delaware Settlement
Echquitehanok,[],,,,,
Elisabeth Point,[],,New Jersey,,,
Elizabeth,['Elizabeth Point'],,New Jersey,,,
Elizabeth Point,[],,New Jersey,,,
Elizabethtown,[],Lancaster County,Pennsylvania,,,
Emmaus,[],,Pennsylvania,,,
England,[],,,,,
Ephrata,[],Lancaster County,Pennsylvania,,,
Eschebeke,[],,,,,possibliy Nescopeek
Eskenne River,['Hern'],,,,,
Esopus,[],Ulster County,New York,,,Sopus & Kingston & Kingston & Kingston | Sopus
Esopus New York,['Sopus'],,,,,
Europe,[],,,,Europe,
Eva Creek,['Shamokin'],Northumberland County,Pennsylvania,,,Augusta Township
Eva Creek,[],,,,,
Fairfield,['Old Fairfield'],,Connecticut,,,
Falls of the Ohio,[],,,,,
Fannetsburg,[],Franklin County,Pennsylvania,,,
Farmington,"['Firmingtown', 'Vermonthaun']",Hartford County,Connecticut,,,
Fatter Lane,[],,,,,London
Fayette County,[],Fayette County,Pennsylvania,,,
Ferry House,[],,,,,Thames River
Feuerlein,['possibliy Fire line'],,,,,
Fighting Island,[],,,,,below Detroit
Filkentown,[],Dutchess County,New York,,,
Firelands,[],,Ohio,,,Erie and Huron County
Fish Kill,[],,Pennsylvania,,,probably Northampton County
Fish Kill,[],Dutchess County,New York,,,
Fish-Kill,[],Dutchess County,New York,,,
Forks of the Delaware,[],Northampton County,Pennsylvania,,,
Forks of the Delaware,[],,,,,
Forks of the Road,[],,,,,
Fort Adams,['also Fort St. Marys'],Mercer County,Ohio,,,
Fort Allen,[],Carbon County,Pennsylvania,,,modern Weissport & Allentown
Fort Carteret,[],,,,,
Fort Charter,['properly Charters'],,,,,
Fort Cumberland,[],,Maryland,,,
Fort Defiance,[],Defiance County,Ohio,,,Maumee River
Fort Detroit,[],,,,,
Fort Edward,[],Washington County,New York,,,
Fort Erie,[],,Ontario,,,
Fort Hamilton,[],,,,,
Fort Harmer,[],,Ohio,,,mouth of Muskingum River
Fort Herkemen,[],,New York,,,Herkimer
Fort Hunter,[],,New York,,,
Fort Kanawha,['Canhawa'],,,,,
Fort Laurena,[],,,,,
Fort Laurens,"['Laurence', 'Lawrence']",,Ohio,,,near Bolivar
Fort Ligonier,[],,,,,
Fort Littleton,[],,Pennsylvania,,,Futon County
Fort Loudoun,[],Franklin County,Pennsylvania,,,
Fort Malden,[],,Ontario,,,
Fort McIntosh,[],,,,,Ohio River at Beaver Creak
Fort McIntosh,[],Beaver County,Pennsylvania,,,
Fort McIntosh,[],,,,,Ohio River
Fort Meigs,[],,Ohio,,,Weed County | Maumee River rapids
Fort Miami,[],,Ohio,,,Weed County | Maumee River rapids
Fort Niagara,[],Niagara County,New York,,,near Youngstown
Fort Norris,[],Monroe County,Pennsylvania,,,
Fort Ontario,[],,New York,,,Oswego
Fort Oswego,[],,New York,,,
Fort Pitt,[],,,,,
Fort Plain,[],,New York,,,
Fort Schlosser,['Slosser'],Niagara County,New York,,,
Fort Schlosser,[],,,,,
Fort Schuyler,"['Skulker', 'Skuyler']",,New York,,,Utica
Fort Stanwix,[],,New York,,,Rome & original name of Fort Schuyler
Fort Wabash,"['Vincennes', 'Indiana']",,,,,
Fort Wayne,[],,Indiana,,,Kikeyuak | also Gigeyunk
Forty Mile Creek,[],,,,,
Four Brothers,['Vier Bruder'],,,,,
Four Mile Creek,[],Butler County,Ohio,,,
France,[],,,France,,
Franckfurth,['Frankford'],Philadelphia County,Pennsylvania,,,
Frederickstown,['Friedrickstown'],Montgomery County,Pennsylvania,,,
Fredrickstown,[],,,,,
Freehold,[],,New York,,,Greens County
Freehold,[],Monmouth County,New Jersey,,,
Frenchtown,[],,Pennsylvania,,,
Friedenshutten,[],,Pennsylvania,,,Bethlehem & Wyalusing | on Susquehanna
Friedensth also,[],,,,,
Friedensthal,[],,Pennsylvania,,,near Nazareth
Fulneck,['Fulnec'],,,,,England & England
Gachnawage,[],,,,,
Gachtochwawunk,[],,,,,
Gallipolis,['Galliopolis'],,Ohio,,,Gallis County | O & Gallis County
Galloway's Island,[],,Pennsylvania,,,Delaware River
Ganatissege,[],,,,,
Ganatocheracht,[],,,,,
Ganawacu,[],,,,,
Garochiati,[],,New York,,,Seneca town on Pemidhannek Creek
Gawunschiechgunk,[],,,,,St. Marys River
Geisterborg,['Demons Hill'],Union County,Pennsylvania,,,Otsinachson
Gekelemukpechunk,['Gegelemukpechunk'],,Ohio,,,Newcomerstown | Kek ke la muk paechung | Kekaelemapaechunk | Kekelamukpechen | Kakelamukpechung
Gekelemukpechunk Creek,[],,,,,Stillwater Creek
Gekelemukpechunk Delaware Center,"['Kekelemukpeachunk', 'Kikeelmukpechunk']",,Ohio,,,Newcomerstown
Genesee,[],,New York,,,
Genesee River,"['Chennessee', 'Tscheneshee']",,New York,,,
Geneseo,[],,,,,
Geneseo,"['Zoneschio', 'Zonesschio']",Livingston County,New York,,,
Genessie River,['Chenessie'],,New York,,,near Rochester
Geneva,[],Ontario County,New York,,,
Georgetown,[],,,,,District of Columbia
Georgetown,[],Beaver County,Pennsylvania,,,
Georgetown Road,[],,,,,
Georgia,[],,Georgia,,,
Germantown,[],,Pennsylvania,,,
Germantown,[],Montgomery County,,,,Pennsylvania
Germany,[],,,Germany,,
Getgatain,[],,,,,
Gigeijunk,['Maumee'],,Indiana,,,Fort Wayne | town at the Forks of Miami River
Gigeyjunk,[],,Indiana,,,Fort Wayne
Gigeyunk,['Fort Wayne'],,,,,
Gigeyunk Fort Wayne,['Kikeyunk'],,Indiana,,,
Ginhanschicanunk,[],,,,,
Glade Country,[],,Pennsylvania,,,
Glades Road,[],,Pennsylvania,,,
Glass House,['?'],,,,,Highlands New York
Gnadenfroi,[],,,Germany,,
Gnadenhuegel,[],,,,,part of Gnadenhutten settlement
Gnadenhutten,['White settlement'],Tuscarawas County,Ohio,,,
Gnadenhutten,['Old Gnadenhutten'],,Pennsylvania,,,Mahony & Lehigh River | on Mahony Creek
Gnadenhutten,['M.'],,Ohio,,,on Muskingum River
Gnadenhutten,[],,Michigan,,,River | or Clinton | on Huron
Gnadensee,[],,Connecticut,,,County | Litchfield | Wechquatnach Lake | Indian Pond
Gnadenth also,[],,,,,
Gnadenthal,[],,Pennsylvania,,,near Nazareth & Nazareth | modern Gracedale
Gnadenwinkel,[],,,,,on Gnadenhutten tract
Gokhosing,[],,,,,place in Ohio
Goschachging,[],,,,,
Goschachgunk,"['Goschachking', 'Goschaching', 'Coschachkung']",,Ohio,,,Coshocton & Coshocton | Delaware Town on Muskingum River
Goschgosching,[],,,,,
Goschgoschunk,[],,,,,
Goschgoschunk,"['Coschkoschingk', 'Coschcoschingk', 'Kuschkusching']",Venango County,Pennsylvania,,,Munsee Town on Allegheny River
Goschgoschunk on Allegheny River,['Coschcoshing'],,Pennsylvania,,,
Goschschossunk,[],,,,,place in Ohio | Goschschossink
Goshen,[],,New York,,,
Gothenburg,[],,,Sweden,,
Grace Half,['Fulneck'],,,,,England | Yorkshire
Graceham,[],,Maryland,,,
Gracehill,['Gnadenhugel'],,,Ireland,,
Grand River,[],,Ohio,,,
Grand River,['Schwago'],,Ontario,,,
Grand River,[],,Ohio,,,Cuyahoga River
Granville,[],Licking County,Ohio,,,
Great Beaver Creek,[],,,,,
Great Creek,"['Ohio River', 'Lehigh River']",,,,,
Great Island,[],,Ohio,,,above Marietta | at mouth of Muskingum River
Great Island,[],Clinton County,Pennsylvania,,,in West Branch Susquehanna River & below Lock Haven | West Branch Susquehanna
Great Island,[],,,,,
Great Lake,[],Dutchess County,New York,,,
Great Lakes,"['Laks', 'Lacks']",,,,,
Great Miami,[],,Ohio,,,
Great Miami River,[],,,,,
Great Nine Partners Tract,[],Dutchess County,New York,,,
Great Shawnee Town,[],,,,,
Great Swamp,[],Monroe County,Pennsylvania,,,
Green Bay,[],,Wisconsin,,,
Green County,[],Green County,Pennsylvania,,,
Greenland,[],,,Greenland,,
Greensburg,[],Westmoreland County,Pennsylvania,,,
Greentown,[],,Ohio,,,near Mansfield | Sambesink | Penexit's Town | also Armstrong's Town
Greenville,[],Darke County,Ohio,,,
Greenwich,[],,Connecticut,,,County | Fairfield
Greenwich,[],Washington County,New York,,,
Grosse Isle,[],,Michigan,,,Detroit River
Guernsey County,[],Guernsey County,Ohio,,,
Guinea,[],,,Guinea,,West Africa
Gulf of Lawrence,[],,,,,
Hackientachous Creek,['modern Hokendaugua Creek'],,Pennsylvania,,,County | Northampton | also Wilson's Creek
Hagerstown,[],,Maryland,,,
Hallobank,"['Hallabank', 'Hallapank', 'Phallobank', 'Phallapank']",,,,,Cayuga Town north of Wyalusing
Hamilton,[],Hamilton,Ohio,,,
Hamilton's Mill,[],,Indiana,,,
Hamilton's Mills,[],,,,,
Hannastown,[],,Pennsylvania,,,
Harris' Ferry,"[""also Harrison's Ferry""]",,Pennsylvania,,,Harrisburg
Harrisburg,[],,Pennsylvania,,,
Harrison's Ferry,"['Harrisburg', 'Pennsylvania']",,Pennsylvania,,,Harrisburg | Harris Ferry
Harsen's Island,[],,Michigan,,,mouth of St. Clair River
Hartford,[],,Connecticut,,,
Havanna,['Awanna'],,,,,
Hebron,[],Lebanon County,Pennsylvania,,,
Heerandyk,[],,,,,Holland
Heidelberg,[],Berks County,Pennsylvania,,,
Heller's Tavern,[],,,,,
Helltown,[],,Ohio,,,Walhending River
Hernhag,[],,,Germany,,
Herrnbaag,[],,,Germany,,
Herrnhut,[],,,Germany,,
Hessen-Kassel,[],,,Germany,,
Hickory Tavern,[],,New Jersey,,,
High Lands,[],,New York,,,Orange and Putnam Cos.
Hockhooking Creek and Town,['Kockhocking'],,,,,
Hocking River,[],,,,,tribut. of Ohio River
Hokendaugua Creek,[],Northampton County,Pennsylvania,,,
Hokhokunk,['probably Hockhocking'],,,,,
Holland,[],,,,,
Holsbon River,[],,Tennessee,,,
Honeywint,[],,,,,
Hope,[],,New Jersey,,,
Hope,[],,North Carolina,,,
Hope,['Hoop'],,,Suriname,,
Hope's Cove,['South?'],,,,,Lake Erie & Lake Erie | anchoring place on Bass Island
Hopedale,[],,,,,Labrador
Horn River,['Eskenne'],,,,,
Horseshoe Fall,[],,Ontario,,,Niagara River
Housatonic River,[],,Connecticut,,,
Hudson,[],Summit County,Ohio,,,
Hudson,[],,,,,
Hudson Bay,[],,,,,
Hudson River,['North River'],,New York,,,
Humber River,[],,Ontario,,,
Hunt's Ferry,[],Wyoming County,Pennsylvania,,,Falls
Hurley,[],Ulster County,New York,,,
Huron Point,['Clinton'],,Michigan,,,mouth of Huron River
Huron River,['Petquotting River'],,,,,O
Huron River,['Petquotting'],Wayne County,Michigan,,,at Detroit River estuary & O & now Clinton River
Huron River,"['al', 'Petquotting']",,Ohio,,,
Huron River,['Clinton'],,Michigan,,,
Huron River Macomb County,['Clinton River'],,Michigan,,,
Huron Straits,['Straights'],,Ontario,,,near mouth of St. Clair River
Hutberg,[],,,Germany,,hill near Herrnhut
Illinois,[],,Illinois,,,
Illinois River,[],,,,,
Indiana Territory,[],,,,,
Industry,[],,Ohio,,,place on Mahony Creek
Irish settlement,[],,,,,probably Indiana
Irish settlement,[],Northampton County,Pennsylvania,,,Allen Township
Islington,[],,,,,England
Jack Creek,[],,Pennsylvania,,,possibly Youghidgheny River
Jackson's Tavern,[],,New York,,,place between Goshen and Kingston
Jacob's Heights,['Jacobshuh'],Northumberland County,Pennsylvania,,,Lower Augusta Township
Jahannis Ruh,[],,Pennsylvania,,,Carbon or Luzerne County
Jamaica,[],,,Jamaica,,West Indies
Jefferson County,[],Jefferson County,Ohio,,,
Jena,[],,,Germany,,
Jenky Hall,[],,,,,Detroit
Jequaminische,[],,,,,
Jerome's Town,[],Ashland County,,,,Ohio
Jersey,['The Jerseys'],,,Jersey,,
Johnson's Hall,[],,New York,,,north side of Mohawk River | place between Fort Hunter and Fort Plain
Johnson's Harbor,"['probably Kuckville', 'New York']",,,,,
Jongquakamik,[],,,,,
Jongquakamik Landing,[],,Ontario,,,
Jongquakamik River,['East Sydenham'],,Ontario,,,
Juniata Crossings,[],Bedford County,Pennsylvania,,,
Juniata River,[],,Pennsylvania,,,Tachochniato
K'takanstschau,[],Dutchess County,New York,,,the Big Mountain
Kaek ke la muk paechung,[],,,,,Town and Creek | Kekelamukpechung | Kekelamukpechen
Kajakistown,[],,Ontario,,,
Kanawha River,['Canhawa'],,West Virginia,,,
Kanawha River West Virginia,['Kashaway'],,,,,
Kaniseraga,[],Livingston County,New York,,,Ganaeraga Creek
Kantanienberg,[],,,,,
Kaschkaschkung,['Kaschkaschkunk'],,,,,
Kaschkaskung,[],,,,,
Kaskaskunk,[],,,,,
Kaskaskunk,"['Kaskaskung', 'Kaschkaskung', 'Kaschkaschkunk']",Lawrence County,Pennsylvania,,,Munsee Town on Beaver River
Kaskaskunk Lawrence County,"['Kaskaskung', 'Caskaskung', 'Coschcaskung on Beaver River']",,Pennsylvania,,,
Kaunaumeek,"['Kenumeck', 'Cenemek']",Columbia County,New York,,,Nassau Township
Kaunschannek,['Kawunschhannek'],,,,,
Ke-kek-ton long timber,['Mohawk'],,,,,
Kekelemukpechunk,[],,,,,
Kent,[],Litchfield County,Connecticut,,,
Kentucky,"['Kentuk', 'Kentuke']",,Kentucky,,,
Killbuck Creek,[],Holmes County,Ohio,,,
Kinderhook,[],Columbia County,New York,,,
King's Bridge,[],,,,,New YorkC | Harlem River
King's Island,['Grosse Ile'],,Michigan,,,
Kingston,"['Esopa', 'Sopus']",,Ontario,,,N.Y
Kingston New York,['Esopus'],,,,,
Kinhanschican,[],,,,,Mingo Town in Ohio
Kitanesink,[],,,,,
Kitigan,[],,Ontario,,,Chippewa town
Kitiganesink,['in the garden'],,,,,
Kittannuk,[],,Pennsylvania,,,Kittanning
Kittatinny,"['al', 'Middle Mountain', 'Kittetani']",Franklin County,Pennsylvania,,,
Kittatinny Hills,['Blue Mountains'],,Pennsylvania,,,
Koachachkunk,[],,,,,
Koenigsberg,[],Northumberland County,Pennsylvania,,,
Kondal,[],,Ohio,,,probably Tuscarawas County
Konigsfeld,[],,,Germany,,
Ktukquiminschi,['Black Walnut'],,Pennsylvania,,,Erie | town near Presqu'isle
Kui-lu-ta-men,['Delaware'],,,,,Place of surprise
Kuschkusching,[],,,,,
Labrador,[],,,,,Terra
Lac,['also Long Lake'],,New York,,,Poponming Pond Monroe County
Lackawanna River,[],,Pennsylvania,,,
Lahalawoaskute,[],,,,,Sipung Creek
Lake,['Poponoming'],,,,,
Lake Erie,"['Lake', 'Lack', 'Lac']",,,,,
Lake George,[],Warren County,New York,,,
Lake Huron,[],,,,,
Lake Michigan,[],,,,,
Lake Ontario,['Dundas'],,,,,
Lake St. Clair,['Sinclair'],,,,,
Lake Superior,[],,,,,
Lakes Erie and Ontario,[],,,,,
Lancaster,[],,Pennsylvania,,,Pennsylvania? | Massachusetts? & Moravian place
Lancaster,[],Fairfield County,Ohio,,,
Lancaster County,[],Lancaster County,Pennsylvania,,,
Langundo-Utenunk,[],,,,,
Langundo-Utenunk,[],Lawrence County,Pennsylvania,,,Friedenstadt | Beaver River
Langundo-Utenunk Friedenstadt,['Langunto-Utenunk'],,,,,
Languntouteney,[],,,,,
Laramie Creek,[],Shelby County,Ohio,,,
Laurel Hill,[],,Pennsylvania,,,Westmoreland and Somerset County
Lawunakhannek,[],,Pennsylvania,,,Allegheny River
Lechawachnek,"['Lechawachneck', 'Lechawachnick', 'Lechawaneck']",,Pennsylvania,,,Lackawanna
Leek Island,[],,,,,Delaware River
Lees Creek,[],,Ohio,,,Fayette and Highland County
Leh-cha-week,['Delaware'],,,,,
Leh-cha-wi-tank,['Delaware'],,,,,
Leh-oha-wa-hen-neek,['Delaware'],,,,,the Forks
Lehigh River,['Lecha'],,Pennsylvania,,,
Lehigh River Falls,[],Carbon County,Pennsylvania,,,
Lehigh Watergap,[],,Pennsylvania,,,
Leipzig,[],,,Germany,,
Lemachtschesink,[],,Indiana,,,tributary of Wabash River | also Mississinnawa
Lichtenau,[],,Ohio,,,on Muskingum River
Licking,['Zanesville'],Muskingum County,Ohio,,,
Liegnitz,[],,,Germany,,principality
Ligonier,[],,Pennsylvania,,,
Limestone,[],Mason County,Kentucky,,,Maysville
Litchfield,[],Litchfield County,Connecticut,,,
Lititz,[],,Pennsylvania,,,Moravian Center
Little Beaver Creek,[],,Ohio,,,
Little Falls,[],Herkimer County,New York,,,
Little Lake,[],,,,,
Little Lehigh Creek,[],Lehigh County,Pennsylvania,,,
Little Miami River,[],,Ohio,,,
Little Nine Partners Tract,[],Dutchess County,New York,,,
Little Schuylkill River,[],,Pennsylvania,,,
Little Stillwater Creek,[],,Ohio,,,Tuscarawas and Harrison County
Little Yellow Creek,[],Columbiana County,Pennsylvania,,,
Locust Point,[],Ottawa County,Ohio,,,
Locust Point Ottawa County,['called Honey Locust Point'],,Ohio,,,
London,[],,,,,England
Long Island,[],Lycoming County,Pennsylvania,,,West Branch of Susquehanna
Long Island,[],,New York,,,
Long Island Sound,[],,,,,
Long Island. New York,[],,,,,
Long Point,[],,Ontario,,,
Long Swamp,[],Berks County,Pennsylvania,,,
Louisburg,[],,Nova Scotia,Canada,,Cape Breton
Louisiana,[],,Louisiana,,,
Lovalhanning,[],Westmoreland County,Pennsylvania,,,
Lower Cayuga Town,['Kajugu'],,Ontario,,,Grand River
Lower Sandusky,"['St. Dusky', 'Fremont']",,Ohio,,,Fremont
Lower Saucon Township,[],Northampton County,Pennsylvania,,,
Lower Scatticok,[],,,,,
Lower Shawnee Town,[],,,,,
Lower Smithfield Township,[],Northampton County,Pennsylvania,,,
Ludwig's Ruh,[],Schuylkill County,Pennsylvania,,,
Luzerne County,"['Wajomick', 'Wajomik']",Luzerne County,Pennsylvania,,,
Machchilusing,['also Machchihillussunk'],Bradford County,Pennsylvania,,,Waylusing
Machchilusing,[],,,,,
Machilusing,"['Machelusing Machwihilussunk', 'Wichlusing', 'Wichloosing', 'Wichilusing', 'Wihilusing', 'Wialusing', 'Wyalusing']",,,,,
Machilusing Creek,[],,,,,
Machswoamik,['also Machawomick'],,,,,
Mackinaw City,['Makina'],,Michigan,,,
Macungie,['also Maguntsche'],Lehigh County,,,,
Mahican Lake,[],,Ohio,,,
Mahican Town,[],Mercer County,Ohio,,,near Heckford | St. Marys River & Maumee River
Mahican Town,[],,Ontario,,,Grand River
Mahong,[],,,,,
Mahoning Creek,['Mahony'],,Pennsylvania,,,Pa & Ohio between Ravenna and Canfield
Mahoning Creek Carbon County,['Mahoni'],,Pennsylvania,,,
Mahony,[],,,,,
Mahony,['Mahoni'],Lawrence County,Pennsylvania,,,Munsee Town on Allegheny River & place on Beaver Creek
Mahony Creek,[],,Pennsylvania,,,emptying into Beaver River
Mahony River,['Mahoning'],Carbon County,Pennsylvania,,,
Makkinak,"['Mackinaw City', 'Michigan']",,,,,
Malden,['also Fort Malden'],,Ontario,,,
Malden. Ontario,[],,,,,
Manachningk,[],,,,,
Manheim,[],Lancaster County,Pennsylvania,,,
Manor Land,['Conestoga Manor'],Lancaster County,Pennsylvania,,,Manor Township
Marbletown,[],Ulster County,New York,,,
Marienborn,[],,,Germany,,
Marietta,[],,,,,
Marietta,[],Washington County,Ohio,,,
Maryland,[],,Maryland,,,
Maschapinck Creek,"['Maschaping', 'Maschapunk']",,,,,
Massachusetts,[],,Massachusetts,,,
Massass Town,[],,Ohio,,,
Massassung,[],Bradford County,Pennsylvania,,,Wyalusing Township
Massch-piuk,['Delaware'],,,,,Wonderful Water
Maumee Bay,['Miami'],,,,,also Tawa Bay
Maumee Point,[],,Michigan,,,place on north side of Maumee Bay
Maumee River,"['Miami', 'often called Miami', 'Great Miami', 'Miami of the Lake', 'Tawa River']",,Ohio,,,O
Meamkekak,[],,Ohio,,,Great Shawnee Town
Meemkekak,[],,,,,
Melelagamogak,[],,,,,
Memekasing,[],,Ohio,,,Munsee Town
Meniolagomeka,[],Monroe County,Pennsylvania,,,Mission place
Menissing,[],Pike County,Pennsylvania,,,
Menissing,[],,Pennsylvania,,,Lacawanna County
Menissing Lacawanna County,"['also Menissing Town', 'Munsee Town']",,Pennsylvania,,,
Mennesing,[],,,,,Pennsylvania and New Jersey | place on Delaware River
Mensing,[],,,,,
Meschascungk,[],,,,,
Meschascungk on Susquehanna River,"['Meschaschcung', 'Mesaskung', ""M'schaschcung"", ""M'saschkung"", 'Mesachkung']",,Pennsylvania,,,
Meshcascungk,[],,,,,
Mesheppen Creek,['Meshopping'],Wyoming County,Pennsylvania,,,
Mexico,[],,,Mexico,,
Miami Bay,['Maumee'],,,,,
Miami River,"['Great Miami', 'Maumee', 'Great Niami']",,Ohio,,,Ohio-Indians & Ohio-Indiana & Great Miami River | also Unami
Miami Towns,['Maumee'],,Indiana,,,
Michigan,[],,Michigan,,,
Michilimakinac,[],,,,,
Michillimakinac,[],,Michigan,,,
Michler's Tavern,[],,,,,
Middle Mountain Franklin County,['also Kittanning Mountain'],,Pennsylvania,,,
Middletown,['Middle Town'],Dauphin County,Pennsylvania,,,
Mifflin County,[],Mifflin County,Pennsylvania,,,
Mihillusing,[],Bradford County,,,,Wyalusing. Pennsylvania
Milford,['Old Milford'],New Haven County,Connecticut,,,
Milk River,[],Milk River,Michigan,,,
Mineral Spring,[],Carbon County,Pennsylvania,,,Gesundbunnen
Mingee Town,[],,,,,Sandusky River
Mingo Town,[],,,,,Ohio River
Minisink,[],,Pennsylvania,,,Upper Delaware River
Minnissing,[],,,,,Minissink
Miskanika,[],,,,,
Mississinnawa,[],,Indiana,,,tributary of Wabash River | also Lemachtschesink
Mississippi River,[],,,,,
Mississippi River and area,[],,,,,
Mississippi Territory,[],,,,,
Missouri River,[],,,,,
Mittesagi,[],,Ontario,,,also Warpoles
Moch-a-weam-ing,['Delaware'],,,,,where water runs through large clear flats
Mocheslachpisisink,[],,,,,
Mochkawunke,[],,,,,tributary of Allegheny River
Mochwesung,['Mochwessung'],,Ohio,,,Munsee town on Muskingum River
Moden Creek,[],,,,,
Mohanatony,['Mohanatoney'],,Pennsylvania,,,
Mohawk River,[],,New York,,,
Mohawk town,[],,Ontario,,,Brantford | Brand's Town
Mohawk village,[],,Ontario,,,Brandt's Town near Brantford
Mombaccus,['Monbacos'],Ulster County,New York,,,Rochester Township
Monnuhhuhtounuk,[],,,,,
Monocacy Creek,[],,Pennsylvania,,,
Monocacy River,"['Manakosy', 'Manakosi']",,Maryland,,,
Monongahela,"['Monongahela', 'Monongahala']",,,,,
Monongahela Hill,[],,,,,
Monongahela River,[],,Pennsylvania,,,
Montgomery County,[],Montgomery County,Pennsylvania,,,
Montmirail,[],,,Switzerland,,
Montreal,[],Montreal,Quebec,Canada,,
Mooch-han-nook,['Delaware'],,,,,Large River
Moravia,[],,,,,
Morgantown,[],,West Virginia,,,
Morristown,[],,New Jersey,,,
Morristown,[],Belmont County,Ohio,,,
Moscow,[],,,Russia,,
Mount Joy,[],Lancaster County,Pennsylvania,,,
Mount Pleasant,[],Jefferson County,Ohio,,,
Mount Rock,[],Cumberland County,Pennsylvania,,,
Muddy Creek,['Moden Creek'],Lancaster County,,,,Pa
Muncey,[],,Ontario,,,Thames River
Muncie,[],Delaware County,Indiana,,,
Munsee Town,['Moncy'],,Ohio,,,near Lower Sandusky & Petquotting River & Sandusky River
Munsee Town,['Muntzy'],,Ontario,,,on Thames River above Fairfield & Thames River
Munsee town,[],,Ontario,,,Grand River
Musconetcong,['Miskanika'],,New Jersey,,,River and Mountain
Muskingum,[],,Ohio,,,River and area
Muskingum Camp,[],,,,,
Muskingum River,[],,,,,
Muskingum River and Country,['Muschkingum'],,Ohio,,,
Nain,[],,Pennsylvania,,,near Bethlehem & Labrador & Bethlehem
Nanticoke,['Nanticoke Town'],Luzerne County,Pennsylvania,,,
Nanticoke Town,[],Luzerne County,Pennsylvania,,,
Nanticoke Town,[],,,,,
Narrows,[],Essex County,New York,,,south end of Lake Champlain | The
Natowesibi,"['Petquotting', 'Natewssibi']",,Ohio,,,Chippewa name for Huron River
Nazareth,[],,Pennsylvania,,,
Nazareth Hall,[],,,,,
Negausibis,[],,Ontario,,,Aux Bables | Sand River
Negro Town,[],,,,,Ohio near Upper Sandusky
Nenachquejank,[],,Ontario,,,Bay on Lake St. Clair
Nescopeck,[],,Pennsylvania,,,
Nescopeck,"['Neeskipecky Neschopega', 'also Neskopeke', 'etc.', 'Neskopeko', 'Nessgabeke']",Luzerne County,Pennsylvania,,,
Neshaminy,['New Shammony'],Bucks County,Pennsylvania,,,
Neu Tupeeking,[],,,,,
Neu-Herrnhuth,[],,,Greenland,,
Neusals,[],,,Germany,,
Neuwied,[],,,Germany,,
New Connecticut,[],,,,,
New England,[],,,,,
New Fairfield,[],Fairfield County,Connecticut,,,
New Fairfield,[],,,,,
New France,[],,,,,
New Hampshire,[],,New Hampshire,,,
New Haven,[],,Connecticut,,,
New Jersey,"['the Jerseys', 'Brunswick', 'Brownschweig', 'The Jerseys', 'Braunschweig', 'also East Jersey']",,New Jersey,Jersey,,
New Jersey,[],,New Jersey,Greenland,,later called Hope
New Lancaster,[],Fairfield County,Ohio,,,Lancaster
New Lisbon,[],Columbiana County,Ohio,,,Lisbon
New London,[],,Connecticut,,,
New London County,[],New London County,Connecticut,,,
New Milford,[],Litchfield County,Connecticut,,,
New Niagara,[],,,,,
New Orleans,[],,Louisiana,,,
New Philadelphia,[],,Ohio,,,
New Purchase,[],,Pennsylvania,,,area in north-west Ohio
New River,[],,West Virginia,,,
New River,[],,Virginia,,,
New Salem,[],Tuscarawas County,Ohio,,,
New Salem,[],Erie County,Ohio,,,
New Salem,[],,,,,
New Shammony,[],,,,,
New Spain,[],,,,,
New Stockbridge,[],,New York,,,Christian Mahican settlement
New Town,[],Bucks County,Pennsylvania,,,
New York,[],,New York,,,
New York City,[],,,,,
New York State,[],,,,,
Newark,[],,,,,
Newark on Niagara River,[],,Ontario,,,
Newcomerstown,[],,Ohio,,,see Gekelemukpechunk
Newell,['Newelstown'],Fayette County,Pennsylvania,,,
Newfoundland,[],,,,,
Newtown,[],Fairfield County,Connecticut,,,
Newtown,['Newton'],,New York,,,site of Elmira
Neyachquoank,[],,,,,near St. Clair River
Niagara,[],,New York,,,
Niagara Falls,[],,,,,
Niagara Hill,[],,,,,
Niagara-on-the-Lake,['Niagaratown'],,Ontario,,,
North Bend,[],Hamilton County,Ohio,,,
North Branch,[],,New York,,,
North Branch,[],,New Jersey,,,
North Carolina,[],,North Carolina,,,Wachau
North River-Hudson River,[],,,,,
North Western Territory,[],,,,,
Northampton County,[],Northampton County,Pennsylvania,,,
Northumberland,[],,Pennsylvania,,,
Nottingham,[],Lancaster County,Pennsylvania,,,
Nova Scotia,[],,Nova Scotia,,,
Nuelstown,['?'],Belmont County,Ohio,,,
Oakorchard Harbor,[],,New York,,,
Oblong,[],,,,,New York-Connecticut
Ohio,[],,Ohio,,,State
Ohio Falls,[],,Ohio,,,
Ohio Hill,[],Beaver County,Pennsylvania,,,
Ohio River,[],,,,,
Ohio River and area,['Allegheny'],,,,,
Oil Creek,['Cances'],Venango County,Pennsylvania,,,
Oil Creek,['Canoos'],,New York,,,
Okak,[],,,,,Labrador
Okkak,[],,,,,Labrador
Old Beaver Dam,[],,,,,
Old Chillicothe,[],Pickaway County,Ohio,,,
Old Mexico,[],,,,,
Old Pennsylvania Road,[],,,,,
Old Sandusky Town,[],,,,,
Oley,[],,,,,
Oley,[],Berks County,Pennsylvania,,,
One Leg Creek,['Gotgatsin'],,Ohio,,,Tuscarawas and Carroll County
Oneida,[],,New York,,,town east of Oneida Lake
Oneida Lake,[],,New York,,,
Onengo,['French Creek'],Venango County,Pennsylvania,,,Venango River
Onengo,['Venango'],,,,,
Onengo Creek and surrounding area,"['French Creek', 'Venango']",Venango County,Pennsylvania,,,
Onengo River,[],,Pennsylvania,,,French Creek
Onondaga,['Onondago'],Onondaga County,New York,,,capital of Iroquois Federation & Syracuse | Iroquois capital
Onondaga New York,['Onondago'],,,,,
Onondaga Town,['Onondago'],,Ontario,,,Grand River
Ontario,[],,Ontario,,,Town and Township & Thames River
Oochgelogy,[],,Georgia,,,
Opest,[],,Indiana,,,Au Poste du Ouabeche Vincennes
Oquaga,[],,New York,,,Broom County | Ouaquaga
Orford,[],,,,,Ontario. Gegoraphic Names
Ostonwakin,[],,,,,Pennsylvania Gegoraphic Names
Ostonwakin . Montoursville,"['also Otztonwakin', 'Otstunwachko', 'Oshttonwsko', 'etc.']",,Pennsylvania,,,County | Lycoming
Ostonwakin Creek,['also Oztonwake'],Lycoming County,,,,Pennsylvania Gegoraphic Names | Loyalsock Creek
Oswego,[],Oswego County,,,,New York Gegoraphic Names
Oswego,['Ohsweken'],,Ontario,,,possibly Mingo place near Grand River
Oswego,[],,New York,,,New York Gegoraphic Names
Oswego Falls,[],,,,,New York Gegoraphic Names
Oswego River,[],,,,,New York Gegoraphic Names
Otaheite. Gegoraphic Names,[],,,,,
Otsinachson,[],,,,,West Branch. Gegoraphic Names | above Susquehanna
Ottawa Channel,[],,,,,
Owego,[],,,,,
Owego,['Oweke'],Tioga County,New York,,,
Owego River,[],,New York,,,
Owenachki,[],,Indiana,,,White River | Hackingpomaka's Town
Owl Creek,[],,,,,Kekesing | possibly Gokhesing
Oxford,[],,Ontario,,,
Oxford Township,[],,Ontario,,,
Pachgatgoch,['Pachgatgoko'],,Connecticut,,,Moravian mission place
Pachgatgoch Hill,[],Litchfield County,Connecticut,,,
Pachqueick,[],,Connecticut,,,near Pachgatgoch
Pacific Coast,[],,,,,
Pacific Islands,[],,,,,
Pacific Ocean,['the Great South Sea'],,,,,
Pagetschiwomunk,[],,Ontario,,,town at mouth of Chenaie ecartee
Paint Creek,"['probably Vermilion River', 'Ohio']",,,,,
Paint River,[],,,,,Wulamanink
Painted Post,[],Steuben County,New York,,,
Palatinate,[],,,,,The
Pamballineke Creek,['possibliy Meigs Creek'],Morgan County,Ohio,,,
Papunhank's Town,[],,,,,Susquehanna Valley
Partners,[],,,,,Second Nine
Passekachkungk,['Passikachkunk'],,New York,,,place on Canisteo River
Patotiqueja River,"['probably North Sydenham River', 'Patotiquejaak']",,Ontario,,,
Patowmak,[],,,,,
Paxtang,"['also Paxton', 'Paxton', 'Paxtown']",Dauphin County,Pennsylvania,,,
Peeks Kill,['Bikskill'],Westchester County,New York,,,
Pemakxit's Town,[],,,,,
Pemidhannek,['Zoneschio'],,New York,,,Delaware name of Genessee River
Pennsbury Manor,['Pennsbury'],Bucks County,Pennsylvania,,,
Pennsylvania,[],,Pennsylvania,Lebanon,,Susquehanna
Pentahametachquanunk,[],,,,,
Perth Amboy,[],,New Jersey,,,
Petqualach,[],,Pennsylvania,,,town on Upper Allegheny River
Petquattunk,['Pettquotting'],,Ohio,,,Huron River
Petquotting,[],,,,,Indian town
Petquotting Creek,['Huron River'],,Ohio,,,
Petquotting Hill,[],,,,,
Petquotting River,['Huron River'],,,,,
Phallobank,['Phallapank'],,,,,
Philadelphia,[],,Pennsylvania,,,Barracks
Philadelphia--Pottersfield,[],,,,,
Philip's Mill,[],,New York,,,east of Hudson River
Philipsburg,[],,New Jersey,,,
Pickaway,['town'],,Ohio,,,
Pickaway Plains,[],Pickaway County,Ohio,,,
Pigeon Roost,[],,,,,place near Blanchard River
Pilgermouth,[],,Pennsylvania,,,
Pinery,[],,Ontario,,,place on Thames River
Pipe Creek,[],Erie County,Ohio,,,
Pipe's Town,[],,,,,
Pittsburg,['Fort Pitt'],,Pennsylvania,,,
Pittsburg Pennsylvania,[],,,,,
Pittsburgh,['Fort Pitt'],,Pennsylvania,,,
Plains,[],,,,,
Pohopoco Creek,"['also Puchgapuchga', 'Puchkepuch', 'Puchquapuchque', 'Buggaguchga', 'Bugabuga', 'etc.']",,Pennsylvania,,,Monroe and Carbon County
Point Aux Chenes,['Point du Chene'],,Michigan,,,on St. Clair River
Point Pleasant,[],,West Virginia,,,Hasen County
Point au Tremble,[],,,,,Michigan north of Denke's mission | place on St. Clair River
Point de Plea,[],,,,,
Pommern,[],,,Germany,,Swedish
Popooming Pond,[],,,,,Lac | also Long Lake
Post Vincennes,['Post Vincent'],,,,,
Potatick,[],Fairfield County,Connecticut,,,
Potatik,[],,Connecticut,,,
Potomac River,"['Petowmac', 'Patomick']",,,,,
Potoman River,[],,,,,
Poughkeepsie,[],Dutchess County,New York,,,
Presqu' Isle,['Prisqueisle'],,Pennsylvania,,,Erie
Presqu'isle,[],,Pennsylvania,,,Erie
Princeton,['Prinstown'],,New Jersey,,,
Province Island,[],,Pennsylvania,,,Philadelphia & Philadelphia
Puchcapuch,['Puchkapuchka'],,,,,
Put in Bay,['Pudding Bay'],,,,,Ohio Georgraphic Names | Lake Eire
Quage Town,[],,Ontario,,,Grand River
Quahen,[],,,Canada,,
Quaker Hill,[],,Connecticut,,,
Quebec,[],,Quebec,Canada,,
Quechquetank,['Wechquetenk'],Monroe County,Pennsylvania,,,
Queenston,['Queenstown'],,Ontario,,,
Quelutumen,[],,Pennsylvania,,,place on Susquehanna River
Quenischachachgeek,[],,,,,
Quenischachchachchqueh,[],,,,,
Quenischachchachqueh,[],Lycoming County,Pennsylvania,,,West Branch | Susquehanna
Quitahannek Creek,[],,Ohio,,,Richland or Ashland County
Quittoppehille,[],,Pennsylvania,,,Lebanon
Race Hill,[],,,,,
Raisin River,"['Reason', 'Raisen', 'Rissin']",,Michigan,,,
Rapide,[],,Ontario,,,probably on Jongquakamik River
Rapids,[],,Ohio,,,probably Grand Rapids | Maumee River
Ravenna,[],,Ohio,,,
Rays Hill,['Race Hill'],Bedford County,Pennsylvania,,,
Reading,[],,Pennsylvania,,,
Red Hook,[],Dutchess County,New York,,,
Redding,[],Fairfield County,Connecticut,,,
Redstone,[],,Pennsylvania,,,now Bedford | probably Rays Town
Retrenche River,['Thames'],,Ontario,,,same as Thames River
Rheimstown,[],,,,,probably in Pennsylvania
Rhine River,[],,,Germany,,
Rhinebeck,['Reinbeck'],Dutchess County,New York,,,
Rhode Island,[],,Rhode Island,,,
River Rouge,"['Reuche', 'River Bush']",,Michigan,,,
Rixdorf,['Rucksdorf'],,,Germany,,
Rockills Mill,[],,,,,
Rocky Hill,[],,New Jersey,,,
Rocky Point,[],Ottawa County,Ohio,,,presumably Scott Point & 16 miles from Sandusky | probably Scott Point
Rocky River,[],Cuyahoga County,Ohio,,,
Rolof Janssens Kill,[],Columbia County,New York,,,
Ronchey's Tavern,"[""Runchey's""]",,,,,
Ronneburg,[],,,Germany,,
Rose,[],,Pennsylvania,,,Nazareth | The
Rowlya Creek,[],Litchfield County,Connecticut,,,
Rush Creek,[],Fairfield County,Ohio,,,
Saddle,[],,,,,
Saginaw,"['Sackina', 'Sakina']",,Michigan,,,
Sakapochk,[],,Pennsylvania,,,
Sakechnak Creek,[],Carbon County,Pennsylvania,,,
Sakechnak Creek Carbon County,"['also Sankechnank', 'Sakekenack', 'Sankinghnack', 'Sankegenahk', 'Sanschanachke', 'etc.']",,Pennsylvania,,,
Sakunk,['Gakung'],,Pennsylvania,,,on Big Beaver Creek & place at the mouth of Beaver Creek & place at confluence of the Beaver River with the Ohio
Salem,[],Sandusky County,Ohio,,,
Salem,[],Tuscarawas County,Ohio,,,Muskingum River
Salem,[],,North Carolina,,,North Carolina Moravian center
Salem,[],,Ohio,,,
Salisbury,[],,Connecticut,,,
Salisbury,[],Somerset County,Pennsylvania,,,
Salisbury,[],Litchfield County,Connecticut,,,
Sally Hand,[],,,,,
Salmons Creek,[],,New York,,,between Genessie River and Sodus Point | Lake Ontario
Salt Creek,[],Muskingum County,Ohio,,,
Salt River,[],,Michigan,,,west side of Lake St. Clair | Siwatakanisipi
Salt Spring,"['Salineville', 'Ohio?']",,,,,
Saltlick,[],,,,,not far from Goshen
Sambesink,"['Armstrongtown', 'Sambeing']",,Ohio,,,near Mansfield | Greentown
Sandusky,[],,Ohio,,,River and town
Sandusky Bay,"['St. Deske', 'Little Lake']",,Ohio,,,
Sandusky Island,[],,,,,
Sandusky Plains,[],,Ohio,,,
Sandusky Point,[],,Ohio,,,
Sandusky River,['St. Dusky River'],,Ohio,,,
Sandwich,[],,Ontario,,,
Sandy Creek,[],,Ohio,,,
Saratoga,[],,New York,,,
Sarepta,[],,,Russia,,on Volga River
Sasena,[],,,,,
Satked,[],Litchfield County,Connecticut,,,
Saucen,"['Saucena', 'Sacena']",Lehigh County,Pennsylvania,,,
Sax's Tavern,[],,,,,
Saxony,[],,,,,
Scatticock,[],,Connecticut,,,
Scattigok,['Scattacook'],,Connecticut,,,
Scha-mung,['Delaware'],,,,,horn
Schammungk,[],,,,,Schommunk
Schatticock,"['Shattegock', 'Shattigok', 'Shattegook', 'Skattegock', 'Skatchkock']",Rensselaer County,New York,,,
Schatticook,[],,New York,,,
Schechschequannink Bradford County,['Tschechschequannink'],,Pennsylvania,,,
Schechschequanunk,[],,Pennsylvania,,,place on Susquehanna
Schechschiquanunk,[],,,,,
Schechschiquanunk on Susquenanna River,['Schechaschequani'],Bradford County,,,,Pennsylvania Geographic Names
Schecomeco,[],,,,,
Schenechtady,[],,New York,,,
Schenechten,[],,,,,
Schenectady,['Schenechten'],,New York,,,
Schih-shi-quan-nink,[],,,,,
Schkipoakanink,[],,Ontario,,,place on Schneyecarty
Schneycarty,[],,,,,
Schoharie,"['Schochcheri', 'Schochery', 'also Sgochari', 'Schochari']",,New York,,,
Schoharie New York,['Schocharie'],,,,,
Schonbrunn,[],,Ohio,,,on Muskingum River
Schoneck,[],,Pennsylvania,,,
Schuylkill River,[],,Pennsylvania,,,
Schwego,[],,Ontario,,,Grand River
Scioto River,['Sioto'],,Ohio,,,
Scotland,[],,,,,
Seabrook,[],Rockingham County,New Hampshire,,,
Second Great Creek,[],,,,,
Seneca Territory,[],,New York,,,
Seven Ranges,[],,Pennsylvania,,,
Shammunk,[],,,,,Shommunk
Shamokin,"['Shomokin', 'Shamoko', 'Shomoko', 'Schomoke', 'Schomoko']",,Pennsylvania,,,place on Susquehanna River
Shamokin,['also Shomoko'],Northumberland County,Pennsylvania,,,Sunbury
Shamokin Creek,[],Northumberland County,Pennsylvania,,,
Shamokin Island,[],Northumberland County,Pennsylvania,,,
Sharon,[],,Ohio,,,Tuscarawes County
Sharon,[],Litchfield County,Connecticut,,,
Shawnee Town,[],,,,,White River
Shawnee Towns,[],,Ohio,,,Au Glaise River
Shecomeco,[],Dutchess County,New York,,,
Shecomeko,['Checomeko'],,New York,,,
Sheffield,[],Berkshire County,Massachusetts,,,
Shekomeko,['Checomeko'],Dutchess County,New York,,,
Shekomeko Dutchess County,"['Shecomeco', 'Checomeco']",,New York,,,
Shenango,[],,,,,
Shenango River and area,"['Shenenge', 'Sheninge']",,Pennsylvania,,,Mercer and Lawrence County
Shenenge,[],Lawrence County,Pennsylvania,,,Beaver River
Sheweko,[],,,,,place near Shekomeko
Shippensburg,[],Cumberland County,Pennsylvania,,,also Shippenstown
Shippenstown,[],,,,,
Shommunk,[],,,,,
Shomokin,[],,Pennsylvania,,,
Shomoko,[],,,,,
Sichel's Tavern,[],,,,,
Sichem,['Oblong'],Dutchess County,New York,,,
Sideling Hill,[],Fulton County,Pennsylvania,,,
Siis-queh-han-neek,[],,,,,
Sikhewo,['Sikhewunk'],,Pennsylvania,,,above Kaskaskunk | place on Beaver Creek
Sikhewunk,[],Muskingum County,Ohio,,,Salt Creek Township | Chandlersville & place on Muskingum River
Silesia,[],,,Germany,,
Sinking Spring,[],Berks County,Pennsylvania,,,
Siwatakanisipi,[],,,,,West side of Lake St. Clair | Salt River
Six Nations towns,[],,Ontario,,,Grand River
Skehantowa Shawnee center on the Susquehanna,"['Tschehantowah', 'Wyoming']",,,,,
Skipra[?],[],Montgomery County,Pennsylvania,,,
Snake Spring,[],Bedford County,Pennsylvania,,,
Sneicaerty,[],,,,,Schney e carty | Schneyecarty | Schnei Kaerty | Snycardy | Sneicardy
Snycardy,[],,,,,
Socana,[],,,,,probably a river
Sodus Point,[],,New York,,,
Somerset,[],Perry County,Ohio,,,
Somerset,[],Somerset County,Pennsylvania,,,
Somerset County,[],Somerset County,,,,
Sopus,[],,,,,
South America,[],,,,South America,
South Beaver,[],Beaver County,Pennsylvania,,,
South Branch,['probably Ohio River'],,,,,
South Carolina,[],,South Carolina,,,
South Huron Strait,['Straight'],,,,,
South Liberty,[],,Pennsylvania,,,foot of Laurel Hill
South Sea Islands,[],,,,,
Southbury,[],New Haven County,Connecticut,,,
Spain,[],,,Spain,,
Spangenberg,[],Northumberland County,Pennsylvania,,,
Spanish Colonies,[],,,,,
Spanish Territory,[],,,,,
Spitzborg,[],Carbon County,Pennsylvania,,,
Spring Creek,[],Monroe County,Pennsylvania,,,near Wechquetank
Spring Garden,[],,,,,
Springfield,[],Springfield,Ohio,,,
Springplace,[],,Georgia,,,
St. Clair River,[],,,,,
St. Croix,['Crux'],,,,,West Indies & West Indies
St. John,['Jan'],,,,,West Indies & West Indies & West Indies
St. Joseph River,[],,,,,Ohio and Indiana
St. Lawrence River,[],,,,,
St. Marys,[],,Ohio,,,Au Glaize County
St. Marys River,[],,,,,
St. Thomas,[],,,,,West Indies
Staten Island,[],,New York,,,
Steuben County,[],Steuben County,New York,,,
Steubenville,[],,Ohio,,,
Stillwater Creek,[],,,,,
Stillwater Creek,[],Tuscarawas County,Ohio,,,Harrison and Tuscarawas County
Stissing Mountain,['Stissick'],Dutchess County,New York,,,
Stockbridge,['Old'],Berkshire County,Massachusetts,,,
Stone Creek,[],Tuscarawas County,Ohio,,,
Stone Creek,"['probably Rocky River', 'Ohio']",,,,,
Stone River,['Achsin'],,,,,
Stony Creek,[],Logan County,Ohio,,,
Stony Creek,[],Monroe County,Michigan,,,
Stony Point,[],Monroe County,Michigan,,,
Stoystown,[],Somerset County,Pennsylvania,,,
Straits,[],,,,,between Lake Erie and Lake Huron
Strasburg,[],Franklin County,Pennsylvania,,,
Stratford,[],Fairfield County,Connecticut,,,
Stromness,[],,,,,Island near mouth of St. Clair River
Stroudsburg,"['also Dansbury', 'Danesberg']",,Pennsylvania,,,
Sucachqualle's Town,[],,Ohio,,,
Sugar Creek,[],Carroll County,Ohio,,,tributary of Tuscarawas River
Suriname,[],,,Suriname,South America,
Susquehanna,[],,Pennsylvania,,,River and area & West Branch & North Branch
Susquehanna River,[],,Pennsylvania,,,
Susquehanna River and Valley,[],,,,,
Susquehanna River and area,[],,Pennsylvania,,,
Sussex County,[],Sussex County,New Jersey,,,
Swan Creek,[],,Ontario,,,Lake Erie
Swan River,[],,Michigan,,,vicinity of St. Clair River | Wabisisipi
Swatara Creek,[],Dauphin County,Pennsylvania,,,
Swatara Creek,[],Schuylkill County,Pennsylvania,,,
Swatara Creek and Valley,[],,Pennsylvania,,,
Swego,[],,Ontario,,,Mingue Town on Grand River
Switzerland,[],,,Switzerland,,
Ta-ne-wan-di,['Seneca'],,,,,rapid stream
Tahiti,['Otaheite'],,,,,
Taniwandi,[],,,,,
Tavandemung,[],,,,,place near Wyalusing | Tauwundamunk & Tauwundamunk
Tawa Bay,[],,,,,Maumee Bay & name for Maumee Bay
Tawa River,['Miami of the Lake'],,Ohio,,,Maumee River & Maumee River
Tawa Town,[],,Ohio,,,location of Toledo
Telpi-Mahonunk,[],,,,,
Temaitasunk,[],,Ohio,,,
Tenk-han-neck,['Delaware'],,,,,Small River
Tenkhannek,[],,Pennsylvania,,,place on Susquehanna | Tengkannek | Tenkkanneck
Tenkhanneti,[],,,,,
Tenkhannik,['also Tenkhanneck'],,,,,
Tennessee,[],,Tennessee,,,
Teockhansoutehan,['a French town'],,,,,
Tetechgath,[],,,,,
Thames River,['Retrenche'],,Ontario,,,
Thuernstein,[],Schuylkill County,Pennsylvania,,,Broad Mount
Thuppeeking,[],,,,,meaning Schonbrunn | Thupaken | Thuppeekunk
Thuppekink,['Schonbrunn'],,,,,
Thuppekunk,[],,Ohio,,,Schonbrunn
Ti-a-o-ga,['Mohawk'],,,,,the forks
Tiaogu,[],,Pennsylvania,,,
Tinkers Creek Cuyahoga County,"[""Dunker's Creek""]",,Ohio,,,
Tioga,[],,,,,
Tioga,"['also Tiaogu', 'Tiaogu', 'Diaogu']",Bradford County,Pennsylvania,,,modern Athens
Tioga Point,[],Bradford County,Pennsylvania,,,site of Athens
Tioga River,[],,New York,,,
Tioga River or Creek,['Tiaogu'],,New York,,,name applied to Chemung River
Tioga site of present Athens,"['Tiaogu', 'Diaugu', 'Diaoju']",Bradford County,,,,Pennsylvania Geographic Names
Tioginossongochto,[],,,,,
Tionionwaquagarnto,[],,,,,
Tobihanna Creek,[],Monroe County,Pennsylvania,,,
Toiondo,[],,,,,Toronto
Tonawanda Town and Creek,['Taniwandi'],Genesee County,New York,,,
Toronto,['York'],,Ontario,,,
Tower Hamlets,[],,,,,England | London
Trenton,['Trentown'],,New Jersey,,,
Tripoli,[],,,,,
Trumbull County,[],Trumbull County,Ohio,,,
Tschallachgasi,[],,,,,
Tsche-ne-sche-e,['Seneca'],,,,,a fine valley
Tschechachequanigk,['Schechschequanunk'],,,,,
Tschehantowsh,[],,,,,
Tschiaque Creek,[],,Ohio,,,East of Cuyahoga River
Tschimitagan,[],,,,,
Tschitschiquanunk,['Schechschequanunk'],,,,,
Tschochnot,[],,,,,place near Wyalusing
Tschoniata River,[],,,,,
Tulling Brook,['?'],,New York,,,
Tulpehocken,[],,,,,
Tulpehocken Berks County,['also Tulpehockin'],,Pennsylvania,,,
Tulpenocken,[],Berks County,Pennsylvania,,,
Tunkhanneck,[],Monroe County,Pennsylvania,,,
Tunkhannock,[],Wyoming County,Pennsylvania,,,
Turkey Hill,[],New Haven County,Connecticut,,,Township of Derby
Turtle Creek,[],,Pennsylvania,,,Westmoreland and Allegheny County
Tuscarawas,['Tuscarawi'],,Ohio,,,
Tuscarawas,['Tuscarawi'],Stark County,Ohio,,,
Tuscarawas County,[],Tuscarawas County,Ohio,,,
Tuscarawas River,['Tuscarawi'],,Ohio,,,
Tuscarawas River standing for Muskingum,"['Tuscarabi', 'Delaware', 'Tuscalabi']",,Ohio,,,
Tuscarawas Town,['Tuscarawi'],,Ohio,,,
Tuscarawi,[],,Ohio,,,
Tuscarawi Creek,[],,Ohio,,,
Tuscarawi now Bolivar,['Tuscorawas'],,Ohio,,,
Tuscarora Creek,[],,,,,
Tuscarora Mountains,[],,Pennsylvania,,,between Franklin and Fulton County
Tuscarora Town,['Tosgarore'],,Ontario,,,Grand River
Tuscarores,[],,,,,place near Wyalusing
U. SouthA,[],,,,,
Ulator County,[],,Pennsylvania,,,
Unami,[],,,,,Great
Unami River,[],,,,,
Upper Canada,[],,Ontario,,,
Upper Lusatia,[],,,Germany,,
Upper Sandusky,[],,,,,
Upper Sandusky,[],Wyandot County,Ohio,,,
Uschummo Uschummunk,[],,,,,
Utica,['Judica'],,,,,New York former Fort Skuyler
Venango,[],,,,,
Venango River,['French Creek'],Venango County,Pennsylvania,,,
Vera Cruz Mexico,['La Vera Cruz'],,,,,
Vermilion Creek,[],,Ohio,,,also Almenisepunk
Vermilion River Ohio,"['Wulamann', 'Zinneber River']",,,,,
Vermillion River,['presumably'],,Ohio,,,
Vienna,[],,,Austria,,
Vier Bruder,['Four Brothers'],,,,,place between Gnadenhutten and Nescopeck
Vincennes,"['Fort Vincent', 'Post Vincennes']",,Indiana,,,
Vincennes Indiana,"['Post Vincennes', 'Post Vincent']",,,,,
Virgin Islands,['Danish West Indian Islands'],,,,,
Virginia,[],,Virginia,,,later State | Colony
Vredens Huia,[],,,,,
Wabash River,"['Wobash', 'Wapaasch', 'Wabbassch']",,Indiana,,,
Wabicamigunk,[],,,,,
Wabisisipi,[],,Michigan,,,Swan River
Wachau,['Wachovia'],,,,,Moravian property in North Carolina
Wachovia,"['Wachau', 'Wachua']",,North Carolina,,,
Wackatemake,[],,,,,
Wahochquage,[],Broome County,New York,,,Ouaquage | possibliy Oquaga
Wajomick,[],,,,,
Wajomik,"['Wyoming', 'Pennsylvania']",,,,,
Wakotameki,['Wapitameki'],Muskingum County,Ohio,,,near Dresden
Walbeck,['correctly Walpack'],,,,,Lutheran mission place in New Jersey
Walhanding,[],,,,,
Walhanding Creek,[],,Ohio,,,
Walhanding Creek modern Walhonding,"['Wahlandunk', 'Walhandunk']",,Ohio,,,joining the Muskingum River at Coshocton
Walhanding River,['Walhanding Creek'],,,,,O
Walhanding River,['Walhanding'],Coshocton County,Ohio,,,also White Woman's Creek
Wanachquaticok,"['Wannachquattagck', 'Wannachgoattegck', 'Wonachquaticok', 'etc.']",Berkshire County,Massachusetts,,,Mass | Westenhuc & Westenhuc
Wanachquatikok,[],,,,,Wannoquatagoch
Wapwallopen,"['also Wambhallobank', 'Womphallepang', 'Waabhallobank', 'Waquallopank', 'etc.']",Luzerne County,Pennsylvania,,,Hollenback Township
Wapwallopen,[],,,,,
Warpoles,[],,,,,also Mittesagi
Warren,[],,Ohio,,,
Warren County,[],Warren County,Ohio,Lebanon,,
Warte,[],,Pennsylvania,,,Lake Erie & Carbon or Luzerne County
Warwick,[],,Pennsylvania,,,
Warwick,[],,Ohio,,,
Warwick,['Warrick'],,New York,,,
Warwick,[],Chester County,Pennsylvania,,,
Washington,[],,Washington,,,District of Columbia
Washington County,['including also Beaver County'],Washington County,Pennsylvania,,,
Washington County,[],Washington County,Ohio,,,
Washington County,[],Washington County,Pennsylvania,,,
Washington Road,[],,Pennsylvania,,,Washington and Beaver County
Weapikamik,[],,,,,White River
Wechpakak,[],,,,,
Wechpakak place in Upper Susquehanna region,"['Wechpakak', 'Wiekpekat']",,,,,
Wechquatnach,[],Litchfield County,Connecticut,,,Mission place
Wechquetank,['Wequetank'],,Pennsylvania,,,
Wechquetank,[],Monroe County,Pennsylvania,,,
Wechquitehanek River,[],,Ohio,,,
Weelhik Thuppeek,['Weelhik Tuppeek'],,,,,
Weh-to-pi-jah-neek,['Delaware'],,,,,Alder River
Wehtak,[],Litchfield County,Connecticut,,,Salisbury
Wenschigochpiechen,[],,Pennsylvania,,,place in Susquehanna region
Wentschipaqua,[],,Ontario,,,
Wequetank,[],,,,,
Wequetank Creek,[],Monroe County,Pennsylvania,,,
West Alexander,['Alexandria'],Washington County,Pennsylvania,,,
West Dever Township,[],,Ontario,,,
West Indian Islands,[],,,,,
West Indies,[],,,,,
West River,[],,,,,
Westenhuc,"['Westenhuck', 'Westenhook', 'Westenhuk']",Berkshire County,Massachusetts,,,Wannaquatagoch | Massachusetts also Wanachquatikok
Westenhuc Moravian mission place in Massachusetts,"['Westenhuck', 'Westenhook']",,,,,
Western Sugar Creek,[],,Ohio,,,Stark and Tuscarawas County
Westliberty,[],Ohio County,West Virginia,,,
Westminster,[],,,,,Enland | London | Liberty of
Westmoreland County,[],Westmoreland County,Pennsylvania,,,
Wheeling,"['Wuhling', 'Wilunk', 'Wiluck']",,West Virginia,,,
Whi-a-lu-sis,['Delaware'],,,,,an old man
White Clay River,[],,,,,
White Eye's Town,[],,Ohio,,,Coshecton County
White River,"['q.v.', 'also White Clay River', 'Woapikamik', 'also Woapicamikunk', 'Woapicamikunk']",,Indiana,,,
White Stone,[],,New York,,,probably Long Island
White Woman's Creek,[],,,,,
White Woman's Creek,"['Walbonding River', 'Walhonding Creek']",Coshocton County,Ohio,,,
White's Mill,[],Beaver County,Pennsylvania,,,
Whitestown,[],,New York,,,site of Utica
Whitewater River,[],,,,,Indiana and Ohio
Wihilusing,['Friedeshutten'],,Pennsylvania,,,Wyalusing
Wilawana,[],,,,,
Wilawana,"['Wilawane', 'Wilawanunk', 'Wilawunk']",Bradford County,Pennsylvania,,,
Wild Creek,['presumably Wills Creek'],Coshocton County,Ohio,,,
Wilkes-Barre,[],,Pennsylvania,,,
Williamsburg,[],,New York,,,County | Livingston | near Mount Morris
Williamsburg,[],,Virginia,,,
Wills Creek,[],Guernsey County,Ohio,,,
Wilmington,[],,Delaware,,,
Wilson's Creek,['also Hackientschous Creek'],Northampton County,Pennsylvania,,,
Wilson's Mill,[],Northampton County,Pennsylvania,,,
Wind Falls,[],,Ontario,,,
Windsor,[],,,,,England
Winginund's Town,[],,,,,
Wintering Place,[],,,,,
Wisachkim,[],,Pennsylvania,,,place in Susquehanna Region
Wisauchsican,[],,,,,place between the Muskingum and Ohio River
Woachejeek Utoenink,[],,,,,
Woaketammeki,[],,,,,
Woaketammeki Muskingum County,"['Wackatomake', 'W[?]']",,Ohio,,,near Dresden
Woaketammeki Shawnee town on Muskingum River,"['Woakatammike', 'Woaktammike', 'Woaktammuk']",,Ohio,,,
Woapicamikunk,[],,Indiana,,,White River | also White Clay River & White River
Woapicamikunk White River,['Wabicamigunk'],,Indiana,,,
Woapikamik,[],,,,,
Woapikamik Sipo,[],,Indiana,,,White River
Woapikamikunk,[],,Indiana,,,White River | Delaware Town
Woapiminschijeek,['Where the chestnut trees grow'],,Indiana,,,
Woapimintshi,['Chestnut tree'],,Indiana,,,White River
Woapisitschankgissigabawik,[],,,,,
Woapisitschankgissigabewik,"['Swan standing on the tips of his toes', 'Wabistschangasigabawit']",,Ontario,,,
Wolf Creek,[],Morgan County,Ohio,,,
Wolf Mountain,[],,,,,Pocono Mountains
Wolf Mountain,[],Monroe County,Pennsylvania,,,
Wolf's Mountain,[],Monroe County,Pennsylvania,,,
Women's Town,[],,,,,
Wood Creek,[],Oneida County,New York,,,
Woodbeck's Tavern,[],,,,,New York Geographic Names | place about halfway between Kingston and Albany
Woodbury,[],Litchfield County,Connecticut,,,
Wooster,[],Wayne County,Ohio,,,
Wulamanink,[],,Ohio,,,Vermilion River | Paint River
Wulunk,"['Wheeling', 'West Virginia']",,,,,
Wurtemberg,[],,,Germany,,
Wyalusing,['Wihilusing'],,,,,
Wyalusing,"['Wiolousing', 'Wihilusing']",Bradford County,Pennsylvania,,,Friedenshutten
Wyalusing Creek,['Wichlusing'],Bradford County,Pennsylvania,,,
Wyalusing Creek,[],,,,,
Wyalusing Island,[],Bradford County,Pennsylvania,,,
Wyandot Lower Town,[],,Ohio,,,Sandusky River
Wyandot Town,[],Wyandot County,Ohio,,,Upper Sandusky
Wyandot Town,[],,,,,east bank below the lower rapids of Sandusky River
Wyandot Towns,[],,,,,
Wyoming,[],,Wyoming,,,
Wyoming Hills,[],Luzerne County,Pennsylvania,,,
Wyoming Luzerne County,"['also Wyomack', 'Wajomick', 'Yomack', 'etc.']",,Pennsylvania,,,
Yellow Creek,[],Jefferson County,Ohio,,,
York,['Yorktown'],York,Pennsylvania,,,
York,['Toronto'],York,Ontario,,,
York County,[],York County,Pennsylvania,,,
Yorktown,"['presumably York', 'Pennsylvania']",,Virginia,,,
Youngstown,[],Youngstown,Ohio,,,
Yrene,[],,,,,
Ysenburg-Budingen,[],,,Germany,,
Ysselstein,[],,,,,Holland
Zanesville,[],,Ohio,,,Muskingum Co | Licking
Zeisberger Island,[],,Ohio,,,Muskingum River
Zeist,[],,,,,Holland
Zeninga,[],,,,,Zenenge | Zeningo
Zeninge,[],,,,,
Zeninge,"['Shenango', 'Chenango']",Broome County,New York,,,Upper Susquehanna near Binghamton
Zoneschio,[],,New York,,,Zonesschio
Zoneschio River,[],,,,,
Zurich,[],,,Switzerland,,
kaskaskunk,[],,,,,
